<?xml version="1.0" encoding="iso-8859-1"?>
<mosinstall type="module" version="1.0.0">
	<name>EZ Realty Slideshow</name>
	<author>K.J. Strickland</author>
	<creationDate>2nd September 2007</creationDate>
	<copyright>(C) 2007 K.J. Strickland</copyright>
	<license>Commercial</license>
	<authorEmail>kathy@raptorservices.com.au</authorEmail>
	<authorUrl>www.raptorservices.com.au</authorUrl>
	<version>1.0</version>
	<description>This module shows a list of the newest EZ Realty property listings in a horizontal slideshow. This is NOT for vertical display.  It's also IMPORTANT to know that the slideshow will BREAK Google mapping - do DO NOT display the slideshow on the EZ Realty component pages.</description>
	<files>
		<filename module="mod_ezrealty_slideshow">mod_ezrealty_slideshow.php</filename>
		<filename module="mod_ezrealty_slideshow">mod_ezrealty_slideshow/css/image-slideshow.css</filename>
		<filename module="mod_ezrealty_slideshow">mod_ezrealty_slideshow/images/arrow_left.gif</filename>
		<filename module="mod_ezrealty_slideshow">mod_ezrealty_slideshow/images/arrow_left_over.gif</filename>
		<filename module="mod_ezrealty_slideshow">mod_ezrealty_slideshow/images/arrow_right.gif</filename>
		<filename module="mod_ezrealty_slideshow">mod_ezrealty_slideshow/images/arrow_right_over.gif</filename>
		<filename module="mod_ezrealty_slideshow">mod_ezrealty_slideshow/js/image-slideshow.js</filename>
	</files>
	<params>
		<param name="cache" type="radio" default="0" label="Enable Cache" description="Select whether to cache the content of this module">
			<option value="0">No</option>
			<option value="1">Yes</option>
		</param>
		<param name="@spacer" type="spacer" default="" label="" description="" />
		<param name="count" type="text" default="20" label="Total Listings" description="The number of properties to display (default is 20)" />
	</params>
</mosinstall>
