<?xml version="1.0" encoding="iso-8859-1"?>
<mosinstall type="module" version="1.0.0">
	<name>EZ Realty Search Filter Module</name>
	<author>K.J. Strickland</author>
	<creationDate>16th February 2008</creationDate>
	<copyright>(C) 2006-2008 K.J. Strickland</copyright>
	<license>Commercial</license>
	<authorEmail>kathy@raptorservices.com.au</authorEmail>
	<authorUrl>www.raptorservices.com.au</authorUrl>
	<version>3.12</version>
	<description>This module shows an EZ Realty search filter for use in a side-bar module position.</description>
	<files>
		<filename module="mod_ezrealty_search">mod_ezrealty_search.php</filename>
		<filename module="mod_ezrealty_search">mod_ezrealty_search/english.php</filename>
		<filename module="mod_ezrealty_search">mod_ezrealty_search/french.php</filename>
		<filename module="mod_ezrealty_search">mod_ezrealty_search/german.php</filename>
		<filename module="mod_ezrealty_search">mod_ezrealty_search/greek.php</filename>
		<filename module="mod_ezrealty_search">mod_ezrealty_search/polish.php</filename>
		<filename module="mod_ezrealty_search">mod_ezrealty_search/portugese.php</filename>
		<filename module="mod_ezrealty_search">mod_ezrealty_search/russian.php</filename>
		<filename module="mod_ezrealty_search">mod_ezrealty_search/index.php</filename>
	</files>
	<params>
		<param name="moduleclass_sfx" type="text" default="" label="Module Class Suffix" description="A suffix to be applied to the css class of the module (table.moduletable), this allows individual module styling" />
		<param name="@spacer" type="spacer" default="" label="" description="" />
		<param name="cache" type="radio" default="0" label="Enable Cache" description="Select whether to cache the content of this module">
			<option value="0">No</option>
			<option value="1">Yes</option>
		</param>
		<param name="@spacer" type="spacer" default="" label="" description="" />
	</params>
</mosinstall>
