<?xml version="1.0" encoding="iso-8859-1"?>
<mosinstall type="module" version="1.0.0">
	<name>EZ Realty Menu</name>
	<author>K.J. Strickland</author>
	<creationDate>16th February 2008</creationDate>
	<copyright>(C) 2007-2008 K.J. Strickland</copyright>
	<license>Commercial</license>
	<authorEmail>kathy@raptorservices.com.au</authorEmail>
	<authorUrl>www.raptorservices.com.au</authorUrl>
	<version>1.4</version>
	<description>This module shows the EZ Realty menu system.</description>
	<files>
	<filename module="mod_ezrealty_menu">mod_ezrealty_menu.php</filename>
	<filename module="mod_ezrealty_menu">mod_ezrealty_menu/english.php</filename>
	<filename module="mod_ezrealty_menu">mod_ezrealty_menu/greek.php</filename>
	<filename module="mod_ezrealty_menu">mod_ezrealty_menu/portugese.php</filename>
	<filename module="mod_ezrealty_menu">mod_ezrealty_menu/index.php</filename>
	</files>
	<params>
		<param name="class_sfx" type="text" default="mainlevel" label="Menu Class Suffix" description="A suffix to be applied to the css class of the menu items. Default value is mainlevel" />
		<param name="moduleclass_sfx" type="text" default="" label="Module Class Suffix" description="A suffix to be applied to the css class of the module (table.moduletable), this allows individual module styling" />
		<param name="@spacer" type="spacer" default="" label="" description="" />
		<param name="cache" type="radio" default="0" label="Enable Cache" description="Select whether to cache the content of this module">
			<option value="0">No</option>
			<option value="1">Yes</option>
		</param>
		<param name="@spacer" type="spacer" default="" label="" description="" />
	</params>
</mosinstall>
