<?xml version="1.0" encoding="iso-8859-1"?>
<mosinstall type="module" version="1.0.0">
	<name>New EZ Realty Listings</name>
	<author>K.J. Strickland</author>
	<creationDate>2nd September 2007</creationDate>
	<copyright>(C) 2006 K.J. Strickland</copyright>
	<license>Commercial</license>
	<authorEmail>kathy@raptorservices.com.au</authorEmail>
	<authorUrl>www.raptorservices.com.au</authorUrl>
	<version>3.11</version>
	<description>This module shows a list of the newest EZ Realty property listings.</description>
	<files>
		<filename module="mod_ezrealty_new">mod_ezrealty_new.php</filename>
	</files>
	<params>
		<param name="moduleclass_sfx" type="text" default="" label="Module Class Suffix" description="A suffix to be applied to the css class of the module (table.moduletable), this allows individual module styling" />
		<param name="@spacer" type="spacer" default="" label="" description="" />
		<param name="cache" type="radio" default="0" label="Enable Cache" description="Select whether to cache the content of this module">
			<option value="0">No</option>
			<option value="1">Yes</option>
		</param>
		<param name="@spacer" type="spacer" default="" label="" description="" />
		<param name="count" type="text" default="5" label="Total Listings" description="The number of properties to display (default is 5)" />
		<param name="align" type="text" default="center" label="Alignment" description="Alignment of text and images (default is center)" />
		<param name="horizspace" type="text" default="10" label="Horizontal Space (px)" description="Horizontal space between image and next bit (default is 10)" />
		<param name="vertspace" type="text" default="10" label="Vertical Space (px)" description="Vertical space between image and the bit above and below it (default is 10)" />
		<param name="colcount" type="text" default="5" label="Column Count" description="Number of columns across the page (default is 5)" />
		<param name="colwidth" type="text" default="20%" label="Column Width" description="Width of columns in terms of percentage - you must include the percentage sign (default is 20%)" />
		<param name="slimbox1" type="list" default="1" label="Type of Image Display" description="Select what sort of image system to use with the previews">
			<option value="0">Image Only</option>
			<option value="1">Slimbox Preview</option>
			<option value="2">Javascript Pop-up</option>
		</param>
		<param name="popwidth1" type="text" default="200" label="Popup Image Width (px)" description="Width to resize popup image to (default is 200 pixels wide)" />
	</params>
</mosinstall>
