<?xml version="1.0" encoding="iso-8859-1"?>
<mosinstall type="module" version="1.0">
	<name>EZ Mortgage Calculator</name>
	<author>K.J. Strickland</author>
	<creationDate>16th February 2008</creationDate>
	<copyright>(C) 2005-2008 K.J. Strickland</copyright>
	<license>Commercial</license>
	<authorEmail>kathy@raptorservices.com.au</authorEmail>
	<authorUrl>www.raptorservices.com.au</authorUrl>
	<version>2.3</version>
	<description>The EZ Mortgage Calculator module allows you to easily show a simple mortgage calculator on your real estate site.</description>
	<files>
		<filename module="mod_ezmortgage">mod_ezmortgage.php</filename>
		<filename module="mod_ezmortgage">mod_ezmortgage/english.php</filename>
		<filename module="mod_ezmortgage">mod_ezmortgage/portugese.php</filename>
		<filename module="mod_ezmortgage">mod_ezmortgage/index.php</filename>
	</files>
	
	<params>
		<param name="moduleclass_sfx" type="text" default="" label="Module Class Suffix" description="A suffix to be applied to the css class of the module (table.moduletable), this allows individual module styling" />
		<param name="@spacer" type="spacer" default="" label="" description="" />
		<param name="cache" type="radio" default="0" label="Enable Cache" description="Select whether to cache the content of this module">
			<option value="0">No</option>
			<option value="1">Yes</option>
		</param>
		<param name="@spacer" type="spacer" default="" label="" description="" />

	</params>
</mosinstall>
