<?xml version="1.0" encoding="iso-8859-1"?>
<mosinstall type="module" version="1.0.0">
	<name>Multiple Featured EZ Realty Property Listings</name>
	<author>K.J. Strickland</author>
	<creationDate>16th February 2008</creationDate>
	<copyright>(C) 2007-2008 K.J. Strickland</copyright>
	<license>Commercial</license>
	<authorEmail>kathy@raptorservices.com.au</authorEmail>
	<authorUrl>www.raptorservices.com.au</authorUrl>
	<version>1.6</version>
	<description>This module shows details of a configurable number of featured EZ Realty property listings.</description>
	<files>
		<filename module="mod_ezrealty_multifeatured">mod_ezrealty_multifeatured.php</filename>
		<filename module="mod_ezrealty_multifeatured">mod_ezrealty_multifeatured/english.php</filename>
		<filename module="mod_ezrealty_multifeatured">mod_ezrealty_multifeatured/greek.php</filename>
		<filename module="mod_ezrealty_multifeatured">mod_ezrealty_multifeatured/portugese.php</filename>
		<filename module="mod_ezrealty_multifeatured">mod_ezrealty_multifeatured/index.php</filename>
	</files>
	<params>
		<param name="moduleclass_sfx" type="text" default="" label="Module Class Suffix" description="A suffix to be applied to the css class of the module (table.moduletable), this allows individual module styling" />
		<param name="@spacer" type="spacer" default="" label="" description="" />
		<param name="cache" type="radio" default="0" label="Enable Cache" description="Select whether to cache the content of this module">
			<option value="0">No</option>
			<option value="1">Yes</option>
		</param>
		<param name="@spacer" type="spacer" default="" label="" description="" />
		<param name="count" type="text" default="4" label="Total Listings" description="The number of random listings to display at any one time (default is 4)" />
		<param name="align" type="text" default="left" label="Horizontal Alignment" description="The horizontal alignment of image and text (default is left)" />
		<param name="horizspace" type="text" default="10" label="Horizontal Space (px)" description="Horizontal space between image and next bit (default is 10)" />
		<param name="vertspace" type="text" default="10" label="Vertical Space (px)" description="Vertical space between image and the bit above and below it (default is 10)" />
		<param name="colcount" type="text" default="2" label="Column Count" description="Number of columns across the page (default is 2)" />
		<param name="colwidth" type="text" default="50%" label="Column Width" description="Width of columns in terms of percentage - you must include the percentage sign (default is 50% for a double-column output)" />
		<param name="slimbox4" type="list" default="1" label="Type of Image Display" description="Select what sort of image system to use with the previews">
			<option value="0">Image Only</option>
			<option value="1">Slimbox Preview</option>
			<option value="2">Javascript Pop-up</option>
		</param>
		<param name="popwidth4" type="text" default="200" label="Popup Image Width (px)" description="Width to resize popup image to (default is 200 pixels wide)" />
	</params>
</mosinstall>
