<?xml version="1.0" ?>
<mosinstall type="component">
  <name>EZ Realty</name>
  <creationDate>07.01.2008</creationDate>
  <author>Kathy Strickland (aka PixelBunyiP)</author>
  <copyright>(C) 2006-2007 K.J. Strickland, Raptor Developments Pty Ltd T/as Raptor Services. Commercial copyright conditions.</copyright>
  <authorEmail>kathy@localhost.localdomain</authorEmail>
  <authorUrl>localhost.localdomain</authorUrl>
  <version>5.1.6 stable</version>
  <description></description>
  <files>
    <filename>ezrealty.php</filename>
    <filename>ezrealty.html.php</filename>
    <filename>rss.ezrealty.php</filename>
    <filename>rss.ezrealty.openhouse.php</filename>
    <filename>sef_ext.php</filename>
    <filename>ezrealty/index.php</filename>
    <filename>ezrealty/th/index.php</filename>
    <filename>feeds/index.php</filename>
    <filename>feeds/edgeio.ezrealty.php</filename>
    <filename>feeds/google.ezrealty.php</filename>
    <filename>feeds/propsmart.ezrealty.php</filename>
    <filename>forms/index.php</filename>
    <filename>forms/list_templates/index.php</filename>
    <filename>forms/list_templates/multicolumn/index.php</filename>
    <filename>forms/list_templates/multicolumn/listshort.ezrealty.php</filename>
    <filename>forms/list_templates/template1/index.php</filename>
    <filename>forms/list_templates/template1/listshort.ezrealty.php</filename>
    <filename>forms/list_templates/template2/index.php</filename>
    <filename>forms/list_templates/template2/listshort.ezrealty.php</filename>
    <filename>forms/shortlist/index.php</filename>
    <filename>forms/shortlist/multicolumn/index.php</filename>
    <filename>forms/shortlist/multicolumn/shortlist.ezrealty.php</filename>
    <filename>forms/shortlist/template1/index.php</filename>
    <filename>forms/shortlist/template1/shortlist.ezrealty.php</filename>
    <filename>forms/shortlist/template2/index.php</filename>
    <filename>forms/shortlist/template2/shortlist.ezrealty.php</filename>
    <filename>forms/miscellaneous/index.php</filename>
    <filename>forms/miscellaneous/print.ezrealty.php</filename>
    <filename>forms/payments/index.php</filename>
    <filename>forms/payments/manual_payments/index.php</filename>
    <filename>forms/payments/manual_payments/upgrade1.php</filename>
    <filename>forms/payments/manual_payments/upgrade2.php</filename>
    <filename>forms/payments/manual_payments/upgrade3.php</filename>
    <filename>forms/payments/manual_payments/upgrade4.php</filename>
    <filename>forms/payments/paypal/index.php</filename>
    <filename>forms/payments/paypal/upgrade1.php</filename>
    <filename>forms/payments/paypal/upgrade2.php</filename>
    <filename>forms/payments/paypal/upgrade3.php</filename>
    <filename>forms/payments/paypal/upgrade4.php</filename>
    <filename>forms/templates/index.php</filename>
    <filename>forms/templates/template1/viewdetails.ezrealty.php</filename>
    <filename>forms/templates/template1/index.php</filename>
    <filename>forms/templates/template2/viewdetails.ezrealty.php</filename>
    <filename>forms/templates/template2/index.php</filename>
    <filename>forms/templates/template3/viewdetails.ezrealty.php</filename>
    <filename>forms/templates/template3/index.php</filename>
    <filename>forms/templates/template4/viewdetails.ezrealty.php</filename>
    <filename>forms/templates/template4/index.php</filename>
    <filename>forms/templates/template5/viewdetails.ezrealty.php</filename>
    <filename>forms/templates/template5/index.php</filename>
    <filename>forms/templates/template6/viewdetails.ezrealty.php</filename>
    <filename>forms/templates/template6/index.php</filename>
    <filename>forms/templates/template7/viewdetails.ezrealty.php</filename>
    <filename>forms/templates/template7/index.php</filename>
    <filename>forms/templates/template8/viewdetails.ezrealty.php</filename>
    <filename>forms/templates/template8/index.php</filename>
    <filename>forms/templates/template9/viewdetails.ezrealty.php</filename>
    <filename>forms/templates/template9/index.php</filename>
    <filename>forms/templates/template10/viewdetails.ezrealty.php</filename>
    <filename>forms/templates/template10/index.php</filename>
    <filename>forms/templates/template11/viewdetails.ezrealty.php</filename>
    <filename>forms/templates/template11/index.php</filename>
    <filename>forms/templates/template12/viewdetails.ezrealty.php</filename>
    <filename>forms/templates/template12/index.php</filename>
    <filename>forms/templates/template13/viewdetails.ezrealty.php</filename>
    <filename>forms/templates/template13/index.php</filename>
    <filename>forms/templates/template14/viewdetails.ezrealty.php</filename>
    <filename>forms/templates/template14/index.php</filename>
    <filename>forms/templates/template15/viewdetails.ezrealty.php</filename>
    <filename>forms/templates/template15/index.php</filename>
    <filename>images/index.php</filename>
    <filename>language/index.php</filename>
    <filename>language/dutch.php</filename>
    <filename>language/english.php</filename>
    <filename>language/french.php</filename>
    <filename>language/german.php</filename>
    <filename>language/italian.php</filename>
    <filename>language/polish.php</filename>
    <filename>language/portugese.php</filename>
    <filename>language/russian.php</filename>
    <filename>language/spanish.php</filename>
    <filename>library/ez_css.css</filename>
    <filename>library/includes.footer.php</filename>
    <filename>library/includes.header.php</filename>
    <filename>library/index.php</filename>
    <filename>library/ajax/ajax.js</filename>
    <filename>library/ajax/index.php</filename>
    <filename>library/flash/flvplay.swf</filename>
    <filename>library/flash/flvskin.swf</filename>
    <filename>library/flash/index.php</filename>
    <filename>library/slideshow/index.php</filename>
    <filename>library/slideshow/css/image-slideshow.css</filename>
    <filename>library/slideshow/css/index.php</filename>
    <filename>library/slideshow/images/index.php</filename>
    <filename>library/slideshow/js/image-slideshow.js</filename>
    <filename>library/slideshow/js/index.php</filename>
    <filename>library/slimbox/index.php</filename>
    <filename>library/slimbox/css/index.php</filename>
    <filename>library/slimbox/css/slimbox.css</filename>
    <filename>library/slimbox/js/index.php</filename>
    <filename>library/slimbox/js/mootools.js</filename>
    <filename>library/slimbox/js/slimbox.js</filename>
    <filename>profiles/index.php</filename>
  </files>
  <images>
    <filename>ezrealty/nothumb.gif</filename>
    <filename>ezrealty/th/nothumb.gif</filename>
    <filename>images/add_lightbox.gif</filename>
    <filename>images/arrow.png</filename>
    <filename>images/arrow_down.png</filename>
    <filename>images/bullet.gif</filename>
    <filename>images/buynow.gif</filename>
    <filename>images/edit.png</filename>
    <filename>images/mini_ezrealty.jpg</filename>
    <filename>images/pixel.gif</filename>
    <filename>images/preview.gif</filename>
    <filename>images/publish_g.png</filename>
    <filename>images/publish_x.png</filename>
    <filename>images/remove_lightbox.gif</filename>
    <filename>images/show_lightbox.gif</filename>
    <filename>images/trash.png</filename>
    <filename>images/parking.gif</filename>
    <filename>images/bathroom.gif</filename>
    <filename>images/bedrooms.gif</filename>
    <filename>library/slideshow/images/arrow_left.gif</filename>
    <filename>library/slideshow/images/arrow_left_over.gif</filename>
    <filename>library/slideshow/images/arrow_right.gif</filename>
    <filename>library/slideshow/images/arrow_right_over.gif</filename>
    <filename>library/slimbox/css/closelabel.gif</filename>
    <filename>library/slimbox/css/loading.gif</filename>
    <filename>library/slimbox/css/nextlabel.gif</filename>
    <filename>library/slimbox/css/prevlabel.gif</filename>
    <filename>profiles/nothumb.jpg</filename>
    <filename>profiles/nologo.jpg</filename>
  </images>
  <install>
    <queries>

      <query>DROP TABLE IF EXISTS `#__ezrealty`</query>
      <query>
          CREATE TABLE `#__ezrealty` (
          `id` int(11) NOT NULL auto_increment,
          `type` int(11) NOT NULL default '0',
          `cid` int(11) NOT NULL default '0',
          `locid` int(11) NOT NULL default '0',
          `stid` int(11) NOT NULL default '0',
          `cnid` int(11) NOT NULL default '0',
          `agent_id` varchar (30) NOT NULL default '',
          `mls_id` varchar (30) NOT NULL default '',
          `viewad` tinyint(1) NOT NULL default '0',
          `viewbooking` tinyint(1) NOT NULL default '0',
          `bookinglink` varchar (20) NOT NULL default '',
          `unit_num` varchar (20) NOT NULL default '',
          `street_num` varchar (10) NOT NULL default '',
          `address2` varchar (255) NOT NULL default '',
          `postcode` varchar (10) NOT NULL default '',
          `county` varchar (50) NOT NULL default '',
          `price` decimal(15,2) NOT NULL default '0.00',
          `showprice` tinyint(1) NOT NULL default '0',
          `freq` int(11) NOT NULL default '0',
          `bond` decimal(15,2) NOT NULL default '0.00',
          `priceview` varchar(100) NOT NULL default '',
          `age` varchar(20) NOT NULL default '',
          `landtype` varchar (50) NOT NULL default '',
          `frontage` varchar (30) NOT NULL default '',
          `depth` varchar (30) NOT NULL default '',
          `bedrooms` varchar (5) NOT NULL default '',
          `totalrooms` varchar (5) NOT NULL default '',
          `livingarea` varchar (30) NOT NULL default '',
          `bathrooms` varchar (5) NOT NULL default '',
          `parking` varchar (5) NOT NULL default '',
          `mapref` mediumtext NOT NULL default '',
          `declat` varchar (20) NOT NULL default '',
          `declong` varchar (20) NOT NULL default '',
          `vtour` mediumtext NOT NULL default '',
          `com_feature` mediumtext NOT NULL default '',
          `adline` varchar (255) NOT NULL default '',
          `propdesc` mediumtext NOT NULL default '',
          `smalldesc` varchar (255) NOT NULL default '',
          `image1` varchar(100) NOT NULL default '',
          `image2` varchar(100) NOT NULL default '',
          `image3` varchar(100) NOT NULL default '',
          `image4` varchar(100) NOT NULL default '',
          `image5` varchar(100) NOT NULL default '',
          `image6` varchar(100) NOT NULL default '',
          `image7` varchar(100) NOT NULL default '',
          `image8` varchar(100) NOT NULL default '',
          `image9` varchar(100) NOT NULL default '',
          `image10` varchar(100) NOT NULL default '',
          `image11` varchar(100) NOT NULL default '',
          `image12` varchar(100) NOT NULL default '',
          `ctown` varchar(150) NOT NULL default '',
          `ctport` varchar(150) NOT NULL default '',
          `schooldist` varchar(60) NOT NULL default '',
          `preschool` varchar(60) NOT NULL default '',
          `primaryschool` varchar(60) NOT NULL default '',
          `highschool` varchar(60) NOT NULL default '',
          `university` varchar(60) NOT NULL default '',
          `hofees` VARCHAR ( 10 ) NOT NULL default '',
          `custom1` varchar(50) NOT NULL default '',
          `custom2` varchar(50) NOT NULL default '',
          `custom3` varchar(50) NOT NULL default '',
          `custom4` varchar(50) NOT NULL default '',
          `custom5` varchar(50) NOT NULL default '',
          `pool` tinyint(1) NOT NULL default '0',
          `fplace` tinyint(1) NOT NULL default '0',
          `bbq` tinyint(1) NOT NULL default '0',
          `gazebo` tinyint(1) NOT NULL default '0',
          `lug` tinyint(1) NOT NULL default '0',
          `bir` tinyint(1) NOT NULL default '0',
          `heating` tinyint(1) NOT NULL default '0',
          `airco` tinyint(1) NOT NULL default '0',
          `shops` tinyint(1) NOT NULL default '0',
          `schools` tinyint(1) NOT NULL default '0',
          `elevator` tinyint(1) NOT NULL default '0',
          `pets` tinyint(1) NOT NULL default '0',
          `extra1` tinyint(1) NOT NULL default '0',
          `extra2` tinyint(1) NOT NULL default '0',
          `extra3` tinyint(1) NOT NULL default '0',
          `extra4` tinyint(1) NOT NULL default '0',
          `extra5` tinyint(1) NOT NULL default '0',
          `extra6` tinyint(1) NOT NULL default '0',
          `extra7` tinyint(1) NOT NULL default '0',
          `extra8` tinyint(1) NOT NULL default '0',
          `openhouse` tinyint( 1 ) DEFAULT '0',
          `ohouse_desc` text NOT NULL default '',
          `takings` varchar(30) default NULL,
          `returns` varchar(30) default NULL,
          `netprofit` varchar(30) default NULL,
          `bustype` varchar(30) default NULL,
          `bussubtype` varchar(30) default NULL,
          `stock` varchar(50) default NULL,
          `fixtures` varchar(50) default NULL,
          `fittings` varchar(50) default NULL,
          `squarefeet` varchar(50) default NULL,
          `percentoffice` varchar(50) default NULL,
          `percentwarehouse` varchar(50) default NULL,
          `loadingfac` varchar(50) default NULL,
          `fencing` varchar(50) default NULL,
          `rainfall` varchar(50) default NULL,
          `soiltype` varchar(50) default NULL,
          `grazing` varchar(50) default NULL,
          `cropping` varchar(50) default NULL,
          `irrigation` varchar(50) default NULL,
          `waterresources` varchar(100) default NULL,
          `carryingcap` varchar(50) default NULL,
          `storage` varchar(50) default NULL,
          `services` varchar(50) default NULL,
          `listdate` date NOT NULL default '0000-00-00',
          `lastupdate` varchar(20) default NULL,
          `expdate` varchar(20) default NULL,
          `hits` int(11) NOT NULL default '0',
          `sold` varchar(50) NOT NULL default '',
          `published` tinyint(1) NOT NULL default '0',
          `checked_out` tinyint(1) NOT NULL default '0',
          `checked_out_time` datetime NOT NULL default '0000-00-00 00:00:00',
          `editor` varchar(50) default NULL,
          `owner` int(11) NOT NULL default '0',
          `premium` tinyint(1) NOT NULL default '0',
          `featured` tinyint(1) NOT NULL default '0',
          `metadesc` varchar(255) NOT NULL default '',
          `metakey` varchar(255) NOT NULL default '',
          PRIMARY KEY  (`id`)
          ) TYPE=MyISAM ;
      </query>

      <query>DROP TABLE IF EXISTS `#__ezrealty_leads`</query>
      <query>
          CREATE TABLE `#__ezrealty_leads` (
          `lid` INT( 11 ) NOT NULL auto_increment,
          `status` INT( 3 ) NOT NULL default '0',
          `lead_name` VARCHAR(255) NOT NULL,
          `hphone` VARCHAR(50) NOT NULL,
          `wphone` VARCHAR(50) NOT NULL,
          `mobile` VARCHAR(50) NOT NULL,
          `fax` VARCHAR(50) NOT NULL,
          `email` VARCHAR(100) NOT NULL,
          `cid` INT(11) NOT NULL,
          `locid` int(11) NOT NULL default '0',
          `stid` INT(11) NOT NULL,
          `cnid` INT(11) NOT NULL,
          `ezcity` VARCHAR(255) NOT NULL,
          `type` tinyint(3) NOT NULL default '0',
          `bedrooms` VARCHAR(5) NOT NULL,
          `bathrooms` VARCHAR(5) NOT NULL,
          `budget` VARCHAR(20) NOT NULL default '',
          `source` VARCHAR(150) NOT NULL,
          `comments` VARCHAR(255) NOT NULL,
          `notes` text NOT NULL default '',
          `date` VARCHAR(50) NOT NULL,
          `checked_out` TINYINT(1) NOT NULL,
          `checked_out_time` DATETIME NOT NULL,
          `editor` VARCHAR(50),
          `published` tinyint(1) NOT NULL default '0',
          PRIMARY KEY (`lid`) 
        ) TYPE=MyISAM;
      </query>

      <query>DROP TABLE IF EXISTS `#__ezrealty_profile`</query>
      <query>
        CREATE TABLE `#__ezrealty_profile` (
          `prid` int(11) NOT NULL auto_increment,
          `mid` int(11) NOT NULL default '0',
          `dealer_name` varchar(50) default NULL,
          `dealer_company` varchar(50) default NULL,
          `dealer_type` varchar(30) default NULL,
          `dealer_info` varchar(255) default NULL,
          `dealer_address1` varchar(50) default NULL,
          `dealer_address2` varchar(50) default NULL,
          `dealer_locality` varchar(50) default NULL,
          `dealer_pcode` varchar(10) default NULL,
          `dealer_state` varchar(50) default NULL,
          `dealer_country` varchar(50) default NULL,
          `show_addy` tinyint(1) NOT NULL default '0',
          `dealer_declat` varchar (20) NOT NULL default '',
          `dealer_declong` varchar (20) NOT NULL default '',
          `dealer_email` varchar(50) default NULL,
          `dealer_phone` varchar(20) default NULL,
          `dealer_fax` varchar(20) default NULL,
          `dealer_mobile` varchar(20) default NULL,
          `dealer_sms` varchar(20) default NULL,
          `show_sms` tinyint(1) NOT NULL default '0',
          `dealer_skype` varchar(30) default NULL,
          `dealer_ymsgr` varchar(30) default NULL,
          `dealer_icq` varchar(30) default NULL,
          `dealer_web` varchar(255) default NULL,
          `dealer_blog` varchar(255) default NULL,
          `dealer_image` varchar(70) default NULL,
          `logo_image` varchar(70) default NULL,
          `published` tinyint(1) NOT NULL default '0',
          `checked_out` tinyint(1) NOT NULL default '0',
          `checked_out_time` datetime NOT NULL default '0000-00-00 00:00:00',
          `editor` varchar(50) default NULL,
		PRIMARY KEY  (`prid`),
		UNIQUE KEY `mid` (`mid`)
        ) TYPE=MyISAM;
      </query>

      <query>DROP TABLE IF EXISTS `#__ezrealty_price`</query>
      <query>
        CREATE TABLE `#__ezrealty_price` (
          `pid` int(11) NOT NULL auto_increment,
          `range` float(15,2) NOT NULL default '0.00',
          `display` VARCHAR(20) NOT NULL,
          `published` tinyint(1) NOT NULL default '0',
          `ordering` int(11) NOT NULL default '0',
          `checked_out` tinyint(1) NOT NULL default '0',
          `checked_out_time` datetime NOT NULL default '0000-00-00 00:00:00',
          `editor` varchar(50) default NULL,
		PRIMARY KEY  (`pid`)
        ) TYPE=MyISAM;
      </query>

      <query>DROP TABLE IF EXISTS `#__ezrealty_locality`</query>
      <query>
        CREATE TABLE `#__ezrealty_locality` (
          `locid` int(11) NOT NULL auto_increment,
          `stateid` int(11) NOT NULL default '0',
          `ezcity` varchar (255) NOT NULL,
          `ezcity_desc` varchar (255) NOT NULL,
          `published` tinyint(1) NOT NULL default '0',
          `checked_out` tinyint(1) NOT NULL default '0',
          `checked_out_time` datetime NOT NULL default '0000-00-00 00:00:00',
          `editor` varchar(50) default NULL,
		PRIMARY KEY  (`locid`)
        ) TYPE=MyISAM;
      </query>

      <query>DROP TABLE IF EXISTS `#__ezrealty_state`</query>
      <query>
        CREATE TABLE `#__ezrealty_state` (
          `stid` int(11) NOT NULL auto_increment,
          `name` varchar (255) NOT NULL,
          `published` tinyint(1) NOT NULL default '0',
          `checked_out` tinyint(1) NOT NULL default '0',
          `checked_out_time` datetime NOT NULL default '0000-00-00 00:00:00',
          `editor` varchar(50) default NULL,
		PRIMARY KEY  (`stid`)
        ) TYPE=MyISAM;
      </query>

      <query>DROP TABLE IF EXISTS `#__ezrealty_country`</query>
      <query>
        CREATE TABLE `#__ezrealty_country` (
          `cnid` int(11) NOT NULL auto_increment,
          `name` varchar (255) NOT NULL,
          `published` tinyint(1) NOT NULL default '0',
          `checked_out` tinyint(1) NOT NULL default '0',
          `checked_out_time` datetime NOT NULL default '0000-00-00 00:00:00',
          `editor` varchar(50) default NULL,
		PRIMARY KEY  (`cnid`)
        ) TYPE=MyISAM;
      </query>

      <query>DROP TABLE IF EXISTS `#__ezrealty_catg`</query>
     <query>
        CREATE TABLE `#__ezrealty_catg` (
          `cid` int(11) NOT NULL auto_increment,
          `name` varchar(255) NOT NULL default '',
          `description` varchar(255) NOT NULL default '',
          `image` varchar(255) NOT NULL default '',
          `access` tinyint(3) unsigned NOT NULL default '0',
          `published` tinyint(1) NOT NULL default '0',
          `ordering` int(11) NOT NULL default '0',
          `checked_out` tinyint(1) NOT NULL default '0',
          `checked_out_time` datetime NOT NULL default '0000-00-00 00:00:00',
          `editor` varchar(50) default NULL,
        PRIMARY KEY  (`cid`)
        ) TYPE=MyISAM;
      </query>

      <query>DROP TABLE IF EXISTS `#__ezrealty_room`</query>
     <query>
        CREATE TABLE `#__ezrealty_room` (
          `bid` int(11) NOT NULL auto_increment,
          `number` varchar(5) NOT NULL default '',
          `published` tinyint(1) NOT NULL default '0',
          `ordering` int(11) NOT NULL default '0',
          `checked_out` tinyint(1) NOT NULL default '0',
          `checked_out_time` datetime NOT NULL default '0000-00-00 00:00:00',
          `editor` varchar(50) default NULL,
        PRIMARY KEY  (`bid`)
        ) TYPE=MyISAM;
      </query>

      <query>DROP TABLE IF EXISTS `#__ezrealty_lightbox`</query>
     <query>
        CREATE TABLE `#__ezrealty_lightbox` (
          `llid` int(11) NOT NULL auto_increment,
          `uid` int(11) NOT NULL default '0',
          `propid` int(11) NOT NULL default '0',
          `date` varchar(20) default NULL,
        PRIMARY KEY  (`llid`)
        ) TYPE=MyISAM;
      </query>

      <query>DROP TABLE IF EXISTS `#__ezrealty_content`</query>
     <query>
        CREATE TABLE `#__ezrealty_content` (
          `contid` int(11) NOT NULL auto_increment,
          `title` varchar(50) NOT NULL default '',
          `content` text NOT NULL default '',
          `checked_out` tinyint(1) NOT NULL default '0',
          `checked_out_time` datetime NOT NULL default '0000-00-00 00:00:00',
          `editor` varchar(50) default NULL,
        PRIMARY KEY  (`contid`)
        ) TYPE=MyISAM;
      </query>

      <query>DROP TABLE IF EXISTS `#__ezrealty_mail`</query>
     <query>
        CREATE TABLE `#__ezrealty_mail` (
          `mailid` int(11) NOT NULL auto_increment,
          `name` varchar(50) NOT NULL default '',
          `email` varchar(70) NOT NULL default '',
          `confirmed` tinyint(1) NOT NULL default '0',
          `date` datetime NOT NULL default '0000-00-00 00:00:00',
        PRIMARY KEY  (`mailid`)
        ) TYPE=MyISAM;
      </query>

     <query>
INSERT INTO `#__ezrealty_content` ( `contid` , `title` , `content` , `checked_out` , `checked_out_time` , `editor` ) VALUES (1, 'Business Introduction', 'This is where your business introduction goes for the site.', 0, '0000-00-00 00:00:00', NULL);
      </query>
     <query>
INSERT INTO `#__ezrealty_content` ( `contid` , `title` , `content` , `checked_out` , `checked_out_time` , `editor` ) VALUES (2, 'Members Area Introduction', 'This is where you enter your members area introduction.', 0, '0000-00-00 00:00:00', NULL);
      </query>
     <query>
INSERT INTO `#__ezrealty_content` ( `contid` , `title` , `content` , `checked_out` , `checked_out_time` , `editor` ) VALUES (3, 'Terms of Listing', 'This is where your terms of listing goes.', 0, '0000-00-00 00:00:00', NULL);
      </query>
     <query>
INSERT INTO `#__ezrealty_content` ( `contid` , `title` , `content` , `checked_out` , `checked_out_time` , `editor` ) VALUES (4, 'Success Page', 'This is where your success page content goes. This is the page people land on after a successful payment.', 0, '0000-00-00 00:00:00', NULL);
      </query>
     <query>
INSERT INTO `#__ezrealty_content` ( `contid` , `title` , `content` , `checked_out` , `checked_out_time` , `editor` ) VALUES (5, 'Cancel Page', 'This is where your cancel page content goes. This is the page people land on after a cancelled or failed payment.', 0, '0000-00-00 00:00:00', NULL);
      </query>
     <query>
INSERT INTO `#__ezrealty_content` ( `contid` , `title` , `content` , `checked_out` , `checked_out_time` , `editor` ) VALUES (6, 'Admin Print Header Page', 'This is where the html for your print header goes.', 0, '0000-00-00 00:00:00', NULL);
      </query>
     <query>
INSERT INTO `#__ezrealty_content` ( `contid` , `title` , `content` , `checked_out` , `checked_out_time` , `editor` ) VALUES (7, 'Admin Print Footer Page', 'This is where the html for your print footer goes.', 0, '0000-00-00 00:00:00', NULL);
      </query>

    </queries>
  </install>

  <uninstall>
    <queries>
      <query>DELETE FROM `#__ezrealty`</query>
      <query>DROP TABLE `#__ezrealty`</query>
      <query>DELETE FROM `#__ezrealty_leads`</query>
      <query>DROP TABLE `#__ezrealty_leads`</query>
      <query>DELETE FROM `#__ezrealty_price`</query>
      <query>DROP TABLE `#__ezrealty_price`</query>
      <query>DELETE FROM `#__ezrealty_locality`</query>
      <query>DROP TABLE `#__ezrealty_locality`</query>
      <query>DELETE FROM `#__ezrealty_state`</query>
      <query>DROP TABLE `#__ezrealty_state`</query>
      <query>DELETE FROM `#__ezrealty_country`</query>
      <query>DROP TABLE `#__ezrealty_country`</query>
      <query>DELETE FROM `#__ezrealty_room`</query>
      <query>DROP TABLE `#__ezrealty_room`</query>
      <query>DELETE FROM `#__ezrealty_catg`</query>
      <query>DROP TABLE `#__ezrealty_catg`</query>
      <query>DELETE FROM `#__ezrealty_profile`</query>
      <query>DROP TABLE `#__ezrealty_profile`</query>
      <query>DELETE FROM `#__ezrealty_content`</query>
      <query>DROP TABLE `#__ezrealty_content`</query>
      <query>DELETE FROM `#__ezrealty_mail`</query>
      <query>DROP TABLE `#__ezrealty_mail`</query>
      <query>DELETE FROM `#__ezrealty_lightbox`</query>
      <query>DROP TABLE `#__ezrealty_lightbox`</query>
    </queries>
  </uninstall>

    <installfile>install.ezrealty.php</installfile>
    <uninstallfile>uninstall.ezrealty.php</uninstallfile>
  <administration>
    <menu act="properties">EZ Realty</menu>
    <files>
      <filename>admin.ezrealty.php</filename>
      <filename>admin.ezrealty.html.php</filename>
      <filename>config.ezrealty.php</filename>
      <filename>install.ezrealty.php</filename>
      <filename>toolbar.ezrealty.php</filename>
      <filename>toolbar.ezrealty.html.php</filename>
      <filename>uninstall.ezrealty.php</filename>
      <filename>includes/class.ezrealty.php</filename>
      <filename>includes/cpanel.css</filename>
      <filename>includes/images.php</filename>
      <filename>includes/includes.ezrealty.php</filename>
      <filename>includes/index.php</filename>
      <filename>includes/print.ezrealty.php</filename>
      <filename>images/index.php</filename>
    </files>
    <images>
    <filename>images/logo.jpg</filename>
    <filename>images/icon1.png</filename>
    <filename>images/icon2.png</filename>
    <filename>images/icon3.png</filename>
    <filename>images/icon4.png</filename>
    <filename>images/icon6.png</filename>
    <filename>images/icon7.png</filename>
    <filename>images/icon8.png</filename>
    <filename>images/icon9.png</filename>
    <filename>images/icon10.png</filename>
    <filename>images/icon11.png</filename>
    <filename>images/icon12.png</filename>
    <filename>images/icon13.png</filename>
    <filename>images/icon14.png</filename>
    <filename>images/icon15.png</filename>
    <filename>images/icon16.png</filename>
    <filename>images/icon17.png</filename>
    <filename>images/icon18.png</filename>
    <filename>images/icon19.png</filename>
    <filename>images/icon20.png</filename>
    <filename>images/icon21.png</filename>
    <filename>images/support.png</filename>
    </images>
</administration>
</mosinstall>
