<?xml version="1.0" encoding="iso-8859-1"?>
<mosinstall type="module" version="1.0.0">
	<name>EZ Realty QuickSearch Filter Module</name>
	<author>K.J. Strickland</author>
	<creationDate>16th February 2008</creationDate>
	<copyright>(C) 2007-2008 K.J. Strickland</copyright>
	<license>Commercial</license>
	<authorEmail>kathy@raptorservices.com.au</authorEmail>
	<authorUrl>www.raptorservices.com.au</authorUrl>
	<version>1.4</version>
	<description>This module shows an EZ Realty quick search filter for use in a side-bar or horizontal module position.</description>
	<files>
		<filename module="mod_ezrealty_quicksearch">mod_ezrealty_quicksearch.php</filename>
		<filename module="mod_ezrealty_quicksearch">mod_ezrealty_quicksearch/english.php</filename>
		<filename module="mod_ezrealty_quicksearch">mod_ezrealty_quicksearch/french.php</filename>
		<filename module="mod_ezrealty_quicksearch">mod_ezrealty_quicksearch/german.php</filename>
		<filename module="mod_ezrealty_quicksearch">mod_ezrealty_quicksearch/greek.php</filename>
		<filename module="mod_ezrealty_quicksearch">mod_ezrealty_quicksearch/polish.php</filename>
		<filename module="mod_ezrealty_quicksearch">mod_ezrealty_quicksearch/russian.php</filename>
		<filename module="mod_ezrealty_quicksearch">mod_ezrealty_quicksearch/index.php</filename>
	</files>
	<params>
		<param name="moduleclass_sfx" type="text" default="" label="Module Class Suffix" description="A suffix to be applied to the css class of the module (table.moduletable), this allows individual module styling" />
		<param name="@spacer" type="spacer" default="" label="" description="" />
		<param name="cache" type="radio" default="0" label="Enable Cache" description="Select whether to cache the content of this module">
			<option value="0">No</option>
			<option value="1">Yes</option>
		</param>
		<param name="@spacer" type="spacer" default="" label="" description="" />
		<param name="orientation" type="list" default="1" label="Orientation" description="Select the orientation of the quick search box - horizontal or vertical - depending on which module position you choose to use">
			<option value="0">Vertical</option>
			<option value="1">Horizontal</option>
		</param>
	</params>
</mosinstall>
