<?xml version="1.0" encoding="iso-8859-1"?>
<mosinstall type="module" version="1.0.0">
	<name>EZ Realty Latest Sellers</name>
	<author>K.J. Strickland</author>
	<creationDate>13th August 2007</creationDate>
	<copyright>(C) 2007 K.J. Strickland</copyright>
	<license>Commercial</license>
	<authorEmail>kathy@raptorservices.com.au</authorEmail>
	<authorUrl>www.raptorservices.com.au</authorUrl>
	<version>1.1</version>
	<description>This module shows a photo list of the latest sellers to create profiles.</description>
	<files>
		<filename module="mod_ezrealty_latestsellers">mod_ezrealty_latestsellers.php</filename>
	</files>
	<params>
		<param name="moduleclass_sfx" type="text" default="" label="Module Class Suffix" description="A suffix to be applied to the css class of the module (table.moduletable), this allows individual module styling" />
		<param name="@spacer" type="spacer" default="" label="" description="" />
		<param name="cache" type="radio" default="0" label="Enable Cache" description="Select whether to cache the content of this module">
			<option value="0">No</option>
			<option value="1">Yes</option>
		</param>
		<param name="@spacer" type="spacer" default="" label="" description="" />
		<param name="count" type="text" default="6" label="Total Sellers" description="The number of new seller profile images to display (default is 6)" />
		<param name="horizspace" type="text" default="5" label="Horizontal/Vertical Space (px)" description="Padding around the images (default is 10)" />
		<param name="colcount" type="text" default="2" label="Column Count" description="Number of columns across the page (default is 2)" />
		<param name="colwidth" type="text" default="50%" label="Column Width" description="Width of columns in terms of percentage - you must include the percentage sign (default is 50%)" />
	</params>
</mosinstall>
